지역,연도,월,연월,util,sunshine_hr,solar_mj,hum,temp_c,rain_mm,cloud,pred_m1,resid_m1,pred_m2,resid_m2
서울,2021,1,2021-01,9.27098607038123,182.4,277.03,57.36290322580645,-2.386290322580645,18.9,3.848118279569893,9.34306836546635,-0.07208229508511899,9.425236865543694,-0.1542507951624632
울산,2021,1,2021-01,6.769459510895423,211.5,0.0,52.418010752688176,2.018010752688172,20.6,3.711021505376344,6.697377215812333,0.07208229508309039,6.615208715730878,0.1542507951645451
서울,2022,1,2022-01,10.627576164874553,206.9,301.7,54.95564516129032,-2.1885752688172047,4.300000000000001,3.032258064516129,10.873731598807161,-0.24615543393260886,10.69955828043463,-0.07198211556007728
울산,2022,1,2022-01,8.106849462365592,235.2,0.0,38.84139784946237,2.59005376344086,0.8999999999999999,3.284366576819407,7.8606940284350975,0.2461554339304941,8.034867346802017,0.07198211556357492
서울,2023,1,2023-01,9.91991935483871,190.9,290.78000000000003,63.07661290322581,-1.4868279569892475,47.9,3.7163978494623655,9.479642050092036,0.44027730474667415,9.292288348958149,0.627631005880561
울산,2023,1,2023-01,6.79933158965417,223.2,163.69,45.079301075268816,2.5723118279569896,41.3,2.782258064516129,7.23960889440287,-0.4402773047486992,7.426962595530614,-0.6276310058764434
서울,2024,1,2024-01,9.433172043010751,177.39999999999998,279.71,66.49462365591398,-0.4682795698924732,18.9,3.846774193548387,9.299015396247723,0.13415664676302796,9.357042563325994,0.07612947968475758
울산,2024,1,2024-01,6.912317264709436,197.50000000000003,309.49,54.54435483870968,3.402284946236559,42.3,3.2836021505376345,7.0464739114745845,-0.13415664676514805,6.9884467443908616,-0.07612947968142514
서울,2021,2,2021-02,13.462662337662335,181.0,348.55,55.51636904761905,2.7257440476190475,7.1000000000000005,3.866071428571429,12.658860709201457,0.803801628460878,13.181986442755742,0.2806758949065937
울산,2021,2,2021-02,8.775600505689003,208.7,0.0,49.595238095238095,6.510565476190477,28.8,3.526080476900149,9.579402134152181,-0.8038016284631784,9.05627640059254,-0.2806758949035366
서울,2022,2,2022-02,14.212921626984128,203.8,376.05,54.660714285714285,-1.1291666666666669,5.9,3.1235119047619047,14.035580250132984,0.17734137685114426,14.15061207533394,0.0623095516501877
울산,2022,2,2022-02,10.531059523809525,242.7,0.0,36.86904761904762,2.608928571428572,2.2,3.044776119402985,10.708400900663069,-0.17734137685354412,10.593369075456376,-0.0623095516468517
서울,2023,2,2023-02,13.412172619047618,198.2,363.91,58.767857142857146,2.3062499999999995,1.0,3.424107142857143,12.442301780030053,0.969870839017565,12.609511710983027,0.8026609080645919
울산,2023,2,2023-02,7.202853523166024,171.5,343.1,53.19047619047619,5.189434523809524,28.0,4.589285714285714,8.172724362185745,-0.9698708390197215,8.005514431227068,-0.8026609080610445
서울,2024,2,2024-02,9.18890804597701,109.3,259.99,72.77011494252874,3.83433908045977,74.69999999999999,6.021551724137931,9.202300075683704,-0.01339202970669362,9.226969075115694,-0.03806102913868337
울산,2024,2,2024-02,5.500201795169831,100.9,247.5,71.20689655172414,5.952729885057472,105.4,6.260057471264368,5.486809765464919,0.013392029704911934,5.462140766028803,0.03806102914102816
서울,2021,3,2021-03,14.991293988269796,213.0,476.94,62.869623655913976,8.974596774193548,110.9,4.604838709677419,14.724112308751979,0.267181679517817,14.781185901514963,0.2101080867548326
울산,2021,3,2021-03,9.17205490531925,204.5,0.0,67.94489247311827,10.506989247311829,138.9,5.491935483870968,9.439236584839515,-0.26718167952026484,9.382162992070947,-0.21010808675169734
서울,2022,3,2022-03,13.339353718637993,173.0,425.4,62.04704301075269,7.615994623655913,102.6,5.30241935483871,13.147706920636779,0.19164679800121398,13.437698292837677,-0.09834457419968423
울산,2022,3,2022-03,9.376645161290323,211.5,0.0,59.685483870967744,9.841666666666669,55.5,5.209176788124156,9.568291959293528,-0.19164679800320528,9.27830058708807,0.09834457420225284
서울,2023,3,2023-03,15.30282258064516,239.8,520.5699999999999,51.17338709677419,9.763306451612904,10.5,3.462365591397849,14.304375960103044,0.998446620542115,14.882732056683162,0.4200905239619974
울산,2023,3,2023-03,9.224861958732928,231.5,514.4,53.854838709677416,11.38239247311828,68.3,4.094086021505376,10.223308579277969,-0.9984466205450406,9.644952482689767,-0.4200905239568389
서울,2024,3,2024-03,14.459623655913978,196.00000000000003,449.94000000000005,56.75757575757576,6.949862258953169,29.9,3.9889807162534434,13.953210408079846,0.5064132478341321,14.353721157248966,0.10590249866501189
울산,2024,3,2024-03,9.896097619910597,215.1,481.91,56.303763440860216,8.47231182795699,80.19999999999999,4.446236559139785,10.402510867747262,-0.5064132478366652,10.00200011857124,-0.10590249866064383
서울,2021,4,2021-04,17.036395202020202,208.6,558.28,54.290277777777774,14.162916666666668,124.10000000000002,4.911111111111111,16.70636296684963,0.3300322351705738,16.932508693743962,0.10388650827623991
울산,2021,4,2021-04,11.472369714847591,241.5,0.0,61.71527777777778,13.819583333333334,73.89999999999999,4.993055555555555,11.80240195002087,-0.3300322351732792,11.576256223120385,-0.10388650827279378
서울,2022,4,2022-04,18.48197337962963,246.40000000000003,615.24,55.21944444444444,14.724166666666664,20.4,4.163888888888889,17.978618358076915,0.5033550215527143,18.334578279878514,0.1473950997511153
울산,2022,4,2022-04,11.803866666666666,258.3,0.0,58.75972222222222,14.722777777777775,81.0,4.275382475660639,12.3072216882219,-0.5033550215552332,11.951261766413444,-0.14739509974677745
서울,2023,4,2023-04,14.308500000000002,182.3,498.03,59.85694444444445,13.769166666666663,96.9,5.277777777777778,13.42539970804225,0.8831002919577529,13.994973683831033,0.31352631616896964
울산,2023,4,2023-04,9.96433933933934,225.0,555.14,60.06805555555555,14.083611111111113,57.7,4.254166666666666,10.847439631299778,-0.8831002919604387,10.277865655503744,-0.3135263161644044
서울,2024,4,2024-04,15.751361111111112,209.2,558.1600000000001,56.1875,16.301944444444445,33.2,4.852777777777778,15.702131579786212,0.04922953132490093,15.979508200782842,-0.22814708967172947
울산,2024,4,2024-04,10.08793695380774,186.8,499.01,69.45,14.900972222222224,99.1,5.708333333333333,10.137166485135314,-0.04922953132757435,9.859789864131479,0.22814708967626096
서울,2021,5,2021-05,15.418682795698924,203.7,570.5,68.18279569892474,17.037768817204302,183.1,5.631720430107527,15.44125378745222,-0.022570991753296354,15.744449377606376,-0.3257665819074518
울산,2021,5,2021-05,10.401905509563232,219.0,0.0,68.21505376344086,17.70806451612903,120.4,5.956989247311828,10.379334517812588,0.022570991750644254,10.076138927652556,0.32576658191067587
서울,2022,5,2022-05,20.06966845878136,302.3,764.61,55.63172043010753,19.09744623655914,7.5,3.938172043010753,19.941278838389767,0.1283896203915944,20.55085026143453,-0.48118180265316823
울산,2022,5,2022-05,13.94815053763441,318.2,0.0,54.348118279569896,19.18158602150537,6.1,4.020161290322581,14.076540158028742,-0.12838962039433177,13.466968734975987,0.4811818026584227
서울,2023,5,2023-05,16.790806451612905,235.6,648.1800000000001,62.4744623655914,19.50900537634409,155.60000000000002,5.283602150537634,16.225283886216317,0.5655225653965879,16.322842896187197,0.4679635554257082
울산,2023,5,2023-05,9.64638731473409,200.0,565.3,69.21505376344086,17.758736559139784,195.2,6.05510752688172,10.211909880133454,-0.5655225653993643,10.114350870155318,-0.46796355542122825
서울,2024,5,2024-05,17.892849462365593,262.0,686.88,63.21236559139785,18.467473118279568,125.1,4.17741935483871,17.61381603409827,0.27903342826732214,18.24874294069251,-0.35589347832691587
울산,2024,5,2024-05,13.306270387821671,273.1,711.71,63.928763440860216,17.87513440860215,69.3,4.243279569892473,13.585303816091816,-0.27903342827014477,12.95037690948965,0.3558934783320211
서울,2021,6,2021-06,15.74715909090909,185.5,563.35,72.65138888888889,22.781111111111112,104.6,5.888888888888889,15.823827773772596,-0.07666868286350592,15.840560421649897,-0.09340133074080725
울산,2021,6,2021-06,10.190511307767943,212.7,0.0,80.28888888888889,21.62708333333333,93.8,6.483333333333333,10.113842624906955,0.07666868286098882,10.097109977024067,0.0934013307438768
서울,2022,6,2022-06,12.725925925925926,131.9,440.59,73.12361111111112,23.30305555555556,393.8,7.020833333333333,12.928768722281019,-0.2028427963550925,12.541774216567275,0.18415170935865177
울산,2022,6,2022-06,10.389555555555557,225.7,0.0,77.35694444444445,22.405972222222225,147.1,5.873611111111111,10.18671275920305,0.20284279635250613,10.573707264912546,-0.1841517093569891
서울,2023,6,2023-06,15.748638888888888,195.1,572.1700000000001,72.32916666666667,23.37625,195.6,5.856944444444444,15.509919251511004,0.2387196373778835,15.535355061008314,0.21328382788057354
울산,2023,6,2023-06,10.830705705705707,204.7,602.1400000000001,73.91666666666667,22.27902777777777,141.4,6.336111111111111,11.069425343086564,-0.2387196373808571,11.043989533582545,-0.21328382787683786
서울,2024,6,2024-06,18.67280555555556,285.6,714.52,60.42777777777778,24.5675,115.9,4.2444444444444445,18.86736610412073,-0.19456054856517113,18.931552272803447,-0.2587467172478881
울산,2024,6,2024-06,11.82767634207241,209.0,599.66,70.68194444444444,22.57111111111111,124.60000000000002,6.113888888888889,11.633115793510342,0.19456054856206784,11.568929624819793,0.2587467172526168
서울,2021,7,2021-07,15.637157869012707,195.2,578.31,70.98387096774194,28.079973118279568,168.3,5.884408602150538,15.663052664812911,-0.025894795800203596,15.273840065873333,0.363317803139374
울산,2021,7,2021-07,9.758492720525265,235.8,0.0,85.06317204301075,25.94637096774193,189.3,6.587365591397849,9.732597924727722,0.025894795797542614,10.121810523661974,-0.36331780313670947
서울,2022,7,2022-07,13.424171146953404,140.1,508.79,77.22446236559139,27.32258064516129,251.2,6.865591397849462,13.849534602225262,-0.42536345527185837,13.894565573455546,-0.4703944265021427
울산,2022,7,2022-07,9.61021505376344,183.9,0.0,83.0630376344086,25.951478494623657,125.0,6.595430107526882,9.184851598493783,0.42536345526965746,9.139820627258892,0.4703944265045479
서울,2023,7,2023-07,12.46043010752688,146.10000000000002,478.8,81.13037634408602,26.68010752688172,459.9,6.670698924731183,12.588994067034914,-0.12856395950803368,12.337083158020636,0.12334694950624403
울산,2023,7,2023-07,9.19790758500436,166.90000000000003,533.64,80.39784946236558,25.76344086021505,266.9,6.645161290322581,9.06934362549914,0.12856395950521993,9.321254534507913,-0.12334694950355285
서울,2024,7,2024-07,11.237795698924732,96.3,402.43,81.1236559139785,26.55766129032257,557.3,7.60752688172043,11.079474119748813,0.15832157917591871,11.193970275040918,0.043825423883813386
울산,2024,7,2024-07,10.483991784462969,193.6,564.5699999999999,77.40053763440861,26.912634408602152,209.2,6.225806451612903,10.64231336364203,-0.1583215791790611,10.527817208344182,-0.0438254238812128
서울,2021,8,2021-08,12.43927174975562,127.3,428.88,74.41666666666667,25.850537634408607,206.80000000000004,7.0822102425876015,12.770110742144677,-0.330838992389058,12.474787523038497,-0.035515773282877916
울산,2021,8,2021-08,7.915453420877344,166.3,0.0,86.56451612903226,25.347311827956982,443.9,6.991869918699187,7.5846144284908235,0.3308389923865205,7.879937647593249,0.03551577328409472
서울,2022,8,2022-08,11.28267809139785,116.3,403.88,80.32123655913979,25.733870967741936,565.9,7.416666666666667,11.544263474576557,-0.2615853831787067,11.410891340172128,-0.1282132487742782
울산,2022,8,2022-08,9.101473118279571,162.0,0.0,78.71908602150538,26.38427419354839,138.5,6.876344086021505,8.839887735102964,0.26158538317660707,8.973259869504234,0.1282132487753369
서울,2023,8,2023-08,12.642043010752689,156.1,469.77,76.34408602150538,27.19704301075269,298.1,6.538978494623656,12.80263904312297,-0.16059603237028064,12.530919805898591,0.11112320485409732
울산,2023,8,2023-08,9.448252688172044,196.2,530.65,79.6008064516129,26.54005376344086,402.4,5.831989247311828,9.287656655804895,0.16059603236714892,9.559375893022992,-0.11112320485094784
서울,2024,8,2024-08,14.66212365591398,179.0,507.93,72.65994623655914,29.31787634408602,72.79999999999998,4.891129032258065,14.913638579609897,-0.25151492369591644,14.957130168539422,-0.29500651262544153
울산,2024,8,2024-08,12.68823245137127,272.0,654.8,75.86962365591398,27.949193548387093,89.10000000000001,4.157258064516129,12.4367175276779,0.2515149236933709,12.393225938740601,0.29500651263066935
서울,2021,9,2021-09,14.565214646464646,182.0,474.14,70.96111111111111,22.56194444444445,135.4,5.5569444444444445,14.209534942230349,0.35567970423429784,14.06060309029968,0.5046115561649671
울산,2021,9,2021-09,7.118215339233039,136.9,0.0,83.275,22.095694444444447,125.2,7.104311543810849,7.473895043469456,-0.35567970423641704,7.622826895395347,-0.5046115561623079
서울,2022,9,2022-09,14.599131944444444,203.90000000000003,496.22,68.25694444444444,22.34486111111111,201.3,5.284722222222222,15.259823319318727,-0.6606913748742826,14.780429816119948,-0.18129787167550404
울산,2022,9,2022-09,8.315466666666667,134.7,0.0,78.89583333333333,21.65458333333333,284.79999999999995,6.880555555555556,7.654775291794633,0.6606913748720347,8.134168794989291,0.18129787167737632
서울,2023,9,2023-09,12.642583333333333,157.10000000000002,425.79,73.6625,23.63583333333333,134.5,6.220833333333333,12.8227899904726,-0.18020665713926753,12.469884156170853,0.17269917716247996
울산,2023,9,2023-09,7.868337087087086,142.89999999999998,397.49,80.39166666666667,22.90958333333333,277.6,6.4375,7.688130429950231,0.18020665713685524,8.04103626424687,-0.17269917715978345
서울,2024,9,2024-09,13.255638888888887,166.89999999999998,439.21,71.78611111111111,25.473333333333336,143.9,5.398611111111111,13.787873139397348,-0.532234250508461,13.56270019636616,-0.307061307477273
울산,2024,9,2024-09,9.58876404494382,167.7,453.19,79.90972222222223,24.63625,237.0,5.763888888888889,9.05652979443812,0.5322342505057005,9.28170273746259,0.3070613074812307
서울,2021,10,2021-10,12.205461876832844,168.4,353.63,69.73521505376344,15.579301075268818,57.0,4.801075268817204,12.011051048324047,0.1944108285087971,11.999942960010038,0.20551891682280576
울산,2021,10,2021-10,8.56715672280902,214.9,0.0,74.96236559139786,17.063709677419354,48.99999999999999,4.193548387096774,8.76156755132008,-0.19441082851106017,8.772675639628787,-0.20551891681976642
서울,2022,10,2022-10,13.197244623655912,216.0,420.22,68.76612903225806,14.546370967741936,124.1,4.221774193548387,13.544748758693876,-0.34750413503796374,13.106107722631354,0.09113690102455863
울산,2022,10,2022-10,9.028494623655911,208.90000000000003,0.0,67.07661290322581,16.025537634408604,30.4,4.943548387096774,8.68099048862009,0.34750413503582145,9.119631524677134,-0.09113690102122263
서울,2023,10,2023-10,13.31244623655914,208.7,416.58,66.52016129032258,15.767741935483873,31.0,3.793010752688172,13.400116502081147,-0.08767026552200718,13.121826621980738,0.19061961457840226
울산,2023,10,2023-10,10.060138767800058,229.8,459.27,61.85618279569893,16.388575268817206,4.300000000000001,3.641129032258065,9.97246850228058,0.08767026551947765,10.250758382373778,-0.1906196145737198
서울,2024,10,2024-10,11.675483870967742,166.40000000000003,367.11,69.61424731182795,16.670026881720432,74.0,4.685483870967742,12.416036943548708,-0.7405530725809655,12.323007428132485,-0.6475235571647424
울산,2024,10,2024-10,7.57632596351335,121.7,316.51,75.88172043010752,17.814650537634407,174.3,6.44489247311828,6.835772890934535,0.7405530725788143,6.928802406346157,0.6475235571671929
서울,2021,11,2021-11,10.270833333333334,163.6,271.64,67.91666666666667,8.200972222222223,62.400000000000006,4.101388888888889,10.345116956121172,-0.07428362278783851,10.125394458647465,0.14543887468586902
울산,2021,11,2021-11,8.088114552605703,220.4,0.0,59.51805555555556,11.08125,49.7,2.9347222222222222,8.013830929819985,0.07428362278571754,8.233553427288472,-0.14543887468276928
서울,2022,11,2022-11,10.87456597222222,187.5,298.77,64.25,10.11138888888889,84.5,3.838888888888889,11.112752797028037,-0.2381868248058172,10.681003703132385,0.19356226908983487
울산,2022,11,2022-11,8.006811111111112,210.8,0.0,58.32222222222222,12.775972222222224,44.900000000000006,3.573611111111111,7.768624286307617,0.2381868248034955,8.200373380198021,-0.1935622690869092
서울,2023,11,2023-11,10.302222222222222,171.9,284.14,64.46666666666667,6.868333333333333,81.89999999999999,3.808333333333333,10.378561202472104,-0.07633898024988284,10.543204126144744,-0.24098190392252228
울산,2023,11,2023-11,8.929063438438439,209.2,347.51,52.74027777777778,10.385277777777777,33.1,2.6597222222222223,8.852724458190755,0.07633898024768371,8.688081534512209,0.24098190392622953
서울,2024,11,2024-11,10.247055555555557,183.5,295.63,62.234722222222224,9.743472222222222,60.0,4.034722222222222,10.986481958005692,-0.7394264024501354,10.786584269773236,-0.5395287142176795
울산,2024,11,2024-11,7.794538077403246,152.6,289.57,65.425,11.754583333333334,67.5,4.288888888888889,7.055111674955164,0.7394264024480819,7.255009363182407,0.5395287142208387
서울,2021,12,2021-12,9.907410801564028,185.4,257.25,61.32123655913978,0.6176075268817207,7.9,3.2620967741935485,10.023006787272429,-0.11559598570840102,9.92706081851678,-0.01965001695275248
울산,2021,12,2021-12,7.979672185745551,230.4,0.0,48.99596774193548,4.747177419354839,3.5000000000000004,2.234185733512786,7.864076200039275,0.1155959857062765,7.960022168789765,0.019650016955786498
서울,2022,12,2022-12,9.14373319892473,197.1,275.5,58.83602150537634,-2.7951612903225813,13.6,3.557795698924731,9.735873103505273,-0.5921399045805433,9.551510352584422,-0.40777715365969236
울산,2022,12,2022-12,7.709172043010752,224.0,0.0,43.75672043010753,1.998521505376344,9.7,3.181451612903226,7.117032138432465,0.5921399045782874,7.30139488934778,0.4077771536629724
서울,2023,12,2023-12,7.490430107526882,142.2,217.33,69.09353507565336,0.883356258596974,85.30000000000001,4.346629986244841,8.15954035906589,-0.6691102515390073,7.974616278359369,-0.48418617083248616
울산,2023,12,2023-12,7.157167247893054,191.4,277.39,55.28225806451613,4.856854838709677,126.7,3.5981182795698925,6.4880569963561125,0.6691102515369414,6.672981077057354,0.4841861708356996
서울,2024,12,2024-12,10.213736559139786,206.3,288.48,56.13709677419355,0.885215053763441,5.699999999999999,2.85752688172043,10.92209509603181,-0.7083585368920247,10.51174004472714,-0.2980034855873548
울산,2024,12,2024-12,9.19934003866135,236.0,329.81,44.53360215053763,4.076344086021505,0.0,2.639784946236559,8.490981501771543,0.7083585368898078,8.901336553069536,0.2980034855918152
