연도,구분,누적 설비용량(MW),월,발전량,일수,이용률,지역,월합계일조(hr),월합계일사(MJ/m²),평균 습도(%),평균 기온(°C),평균 강수량(mm),평균 운량(1/10),flag_abnormal_sunshine,flag_invalid_solar,flag_impute,월합계일조(hr)_month_mean,월합계일사(MJ/m²)_month_mean
2021,서울,44.0,1,3034.95,31,9.27098607038123,서울,224.0,132.0,57.4516129,-2.370967742,0.609677419,3.887096774,False,False,False,178.25,155.75
2021,울산,113.0,1,5691.22,31,6.769459510895423,울산,183.0,177.0,52.36129032,2.077419355,0.664516129,3.622580645,False,False,False,146.5,225.75
2022,서울,48.0,1,3795.32,31,10.627576164874553,서울,230.0,121.0,55.21290323,-2.196774194,0.177419355,3.096774194,False,False,False,178.25,155.75
2022,울산,125.0,1,7539.37,31,8.106849462365592,울산,210.0,196.0,38.83870968,2.593548387,0.029032258,3.196774194,False,False,False,146.5,225.75
2023,서울,50.0,1,3690.21,31,9.91991935483871,서울,174.0,150.0,63.30322581,-1.522580645,1.54516129,3.64516129,False,False,False,178.25,155.75
2023,울산,148.0,1,7486.88,31,6.79933158965417,울산,144.0,153.0,45.16451613,2.596774194,1.332258065,2.651612903,False,False,False,146.5,225.75
2024,서울,50.0,1,3509.14,31,9.433172043010753,서울,85.0,220.0,64.21935484,-3.774193548,0.609677419,3.638709677,False,False,False,178.25,155.75
2024,울산,178.0,1,9154.12,31,6.912317264709436,울산,49.0,377.0,52.55483871,0.003225806,1.364516129,3.109677419,False,False,False,146.5,225.75
2021,서울,44.0,2,3980.64,28,13.462662337662337,서울,173.0,124.0,55.43928571,2.732142857,0.253571429,3.975,False,False,False,231.0,190.25
2021,울산,113.0,2,6663.84,28,8.775600505689003,울산,170.0,252.0,49.55714286,6.532142857,1.028571429,3.475,False,False,False,155.5,332.0
2022,서울,48.0,2,4584.52,28,14.212921626984128,서울,315.0,57.0,54.69642857,-1.125,0.167857143,3.157142857,False,False,False,231.0,190.25
2022,울산,125.0,2,8846.09,28,10.531059523809525,울산,204.0,203.0,36.81785714,2.657142857,0.078571429,2.960714286,False,False,False,155.5,332.0
2023,서울,50.0,2,4506.49,28,13.412172619047618,서울,257.0,154.0,58.9,2.3,0.035714286,3.457142857,False,False,False,231.0,190.25
2023,울산,148.0,2,7163.67,28,7.202853523166024,울산,201.0,273.0,53.18214286,5.2,1.0,4.675,False,False,False,155.5,332.0
2024,서울,50.0,2,3197.74,29,9.18890804597701,서울,179.0,426.0,72.94827586,3.820689655,2.575862069,5.95862069,False,False,False,231.0,190.25
2024,울산,178.0,2,6814.09,29,5.500201795169831,울산,47.0,600.0,71.04482759,5.979310345,3.634482759,6.275862069,False,False,False,155.5,332.0
2021,서울,44.0,3,4907.55,31,14.991293988269797,서울,320.0,266.0,62.84516129,9.016129032,3.577419355,4.661290323,False,False,False,302.25,282.0
2021,울산,113.0,3,7711.13,31,9.17205490531925,울산,279.0,339.0,67.91612903,10.49354839,4.480645161,5.374193548,False,False,False,243.25,313.0
2022,서울,48.0,3,4763.75,31,13.339353718637991,서울,393.0,278.0,61.93225806,7.65483871,3.309677419,5.190322581,False,False,False,302.25,282.0
2022,울산,125.0,3,8720.28,31,9.376645161290323,울산,328.0,280.0,59.77096774,9.870967742,1.790322581,5.267741935,False,False,False,243.25,313.0
2023,서울,50.0,3,5692.65,31,15.30282258064516,서울,315.0,277.0,51.24193548,9.780645161,0.338709677,3.35483871,False,False,False,302.25,282.0
2023,울산,148.0,3,10157.68,31,9.224861958732927,울산,206.0,247.0,53.6516129,11.43225806,2.203225806,4.129032258,False,False,False,243.25,313.0
2024,서울,50.0,3,5378.98,31,14.459623655913978,서울,181.0,307.0,57.19354839,6.970967742,0.964516129,4.093548387,False,False,False,302.25,282.0
2024,울산,178.0,3,13105.6,31,9.896097619910597,울산,160.0,386.0,56.02903226,8.558064516,2.587096774,4.364516129,False,False,False,243.25,313.0
2021,서울,44.0,4,5397.13,30,17.036395202020202,서울,256.0,478.0,54.21,14.19666667,4.136666667,4.806666667,False,False,False,264.5,361.0
2021,울산,113.0,4,9333.92,30,11.472369714847591,울산,260.0,477.0,61.53666667,13.82333333,2.463333333,4.853333333,False,False,False,239.5,350.75
2022,서울,48.0,4,6387.37,30,18.48197337962963,서울,227.0,187.0,55.03,14.75333333,0.68,4.133333333,False,False,False,264.5,361.0
2022,울산,125.0,4,10623.48,30,11.803866666666666,울산,264.0,222.0,58.86,14.73666667,2.7,4.203333333,False,False,False,239.5,350.75
2023,서울,50.0,4,5151.06,30,14.308500000000002,서울,219.0,531.0,59.93333333,13.8,3.23,5.35,False,False,False,264.5,361.0
2023,울산,148.0,4,10618.0,30,9.96433933933934,울산,154.0,335.0,59.91333333,14.09,1.923333333,4.183333333,False,False,False,239.5,350.75
2024,서울,50.0,4,5670.49,30,15.751361111111112,서울,356.0,248.0,56.12413793,16.3137931,1.144827586,4.931034483,False,False,False,264.5,361.0
2024,울산,178.0,4,12928.7,30,10.087936953807741,울산,280.0,369.0,67.37241379,11.08275862,3.417241379,5.586206897,False,False,False,239.5,350.75
2021,서울,44.0,5,5047.46,31,15.418682795698924,서울,225.0,555.0,68.1483871,17.06774194,5.906451613,5.638709677,False,False,False,267.75,406.25
2021,울산,113.0,5,8745.09,31,10.401905509563232,울산,236.0,488.0,68.06129032,17.75806452,3.883870968,5.896774194,False,False,False,257.0,424.5
2022,서울,48.0,5,7167.28,31,20.06966845878136,서울,364.0,314.0,55.33548387,19.12258065,0.241935484,3.9,False,False,False,267.75,406.25
2022,울산,125.0,5,12971.78,31,13.94815053763441,울산,318.0,290.0,54.38709677,19.18709677,0.196774194,3.877419355,False,False,False,257.0,424.5
2023,서울,50.0,5,6246.18,31,16.790806451612905,서울,327.0,479.0,62.49354839,19.52258065,5.019354839,5.329032258,False,False,False,267.75,406.25
2023,울산,148.0,5,10621.83,31,9.64638731473409,울산,230.0,606.0,69.18387097,17.76774194,6.296774194,5.95483871,False,False,False,257.0,424.5
2024,서울,50.0,5,6656.14,31,17.892849462365593,서울,155.0,277.0,63.24193548,18.49354839,4.035483871,4.209677419,False,False,False,267.75,406.25
2024,울산,178.0,5,17621.76,31,13.306270387821673,울산,244.0,314.0,63.95806452,17.88064516,2.235483871,4.216129032,False,False,False,257.0,424.5
2021,서울,44.0,6,4988.7,30,15.74715909090909,서울,286.0,465.0,72.49666667,22.81666667,3.486666667,5.603333333,False,False,False,295.0,394.0
2021,울산,113.0,6,8291.0,30,10.190511307767945,울산,284.0,491.0,80.14,21.66333333,3.126666667,6.533333333,False,False,False,321.0,392.5
2022,서울,48.0,6,4398.08,30,12.725925925925926,서울,270.0,534.0,73.37666667,23.30333333,13.12666667,6.913333333,False,False,False,295.0,394.0
2022,울산,125.0,6,9350.6,30,10.389555555555557,울산,249.0,335.0,77.48666667,22.42333333,4.903333333,5.77,False,False,False,321.0,392.5
2023,서울,50.0,6,5669.51,30,15.748638888888888,서울,307.0,351.0,72.43333333,23.38333333,6.52,5.696666667,False,False,False,295.0,394.0
2023,울산,148.0,6,11541.2,30,10.830705705705707,울산,352.0,373.0,74.21333333,22.28333333,4.713333333,6.263333333,False,False,False,321.0,392.5
2024,서울,50.0,6,6722.21,30,18.672805555555556,서울,317.0,226.0,60.49666667,24.59333333,3.863333333,4.206666667,False,False,False,295.0,394.0
2024,울산,178.0,6,15158.35,30,11.82767634207241,울산,399.0,371.0,70.57,22.58666667,4.153333333,6.136666667,False,False,False,321.0,392.5
2021,서울,44.0,7,5118.98,31,15.637157869012707,서울,253.33333333333334,536.0,70.90967742,28.11935484,5.429032258,5.861290323,True,False,True,253.33333333333334,536.0
2021,울산,113.0,7,8204.16,31,9.758492720525263,울산,380.0,413.0,85.2483871,25.9483871,6.106451613,6.638709677,False,False,False,279.5,490.75
2022,서울,48.0,7,4794.04,31,13.424171146953404,서울,362.0,542.0,77.23225806,27.32903226,8.138709677,6.893548387,False,False,False,253.33333333333334,536.0
2022,울산,125.0,7,8937.5,31,9.61021505376344,울산,199.0,477.0,82.98064516,25.97419355,4.032258065,6.503225806,False,False,False,279.5,490.75
2023,서울,50.0,7,4635.28,31,12.46043010752688,서울,206.0,464.0,81.07419355,26.70645161,14.83548387,6.729032258,False,False,False,253.33333333333334,536.0
2023,울산,148.0,7,10128.0,31,9.19790758500436,울산,264.0,491.0,80.26451613,25.79677419,8.609677419,6.587096774,False,False,False,279.5,490.75
2024,서울,50.0,7,4180.46,31,11.237795698924732,서울,192.0,602.0,80.99354839,26.59677419,17.97741935,7.922580645,False,False,False,253.33333333333334,536.0
2024,울산,178.0,7,13884.16,31,10.483991784462969,울산,275.0,582.0,77.4516129,26.92903226,6.748387097,6.290322581,False,False,False,279.5,490.75
2021,서울,44.0,8,4072.12,31,12.439271749755621,서울,275.3333333333333,558.0,74.22580645,25.85806452,6.812903226,6.951612903,True,False,True,275.3333333333333,558.0
2021,울산,113.0,8,6654.68,31,7.915453420877344,울산,207.0,739.0,86.68064516,25.31290323,14.31935484,6.95483871,False,False,False,214.0,527.0
2022,서울,48.0,8,4029.27,31,11.28267809139785,서울,193.0,715.0,80.17096774,25.74193548,18.21935484,7.283870968,False,False,False,275.3333333333333,558.0
2022,울산,125.0,8,8464.37,31,9.101473118279571,울산,306.0,692.0,78.68387097,26.35806452,4.467741935,6.841935484,False,False,False,214.0,527.0
2023,서울,50.0,8,4702.84,31,12.642043010752687,서울,291.0,641.0,76.3516129,27.18709677,9.616129032,6.467741935,False,False,False,275.3333333333333,558.0
2023,울산,148.0,8,10403.66,31,9.448252688172044,울산,180.0,435.0,79.70967742,26.52258065,13.00967742,5.783870968,False,False,False,214.0,527.0
2024,서울,50.0,8,5454.31,31,14.66212365591398,서울,342.0,318.0,72.56774194,29.33225806,2.348387097,4.925806452,False,False,False,275.3333333333333,558.0
2024,울산,178.0,8,16803.28,31,12.68823245137127,울산,163.0,242.0,75.77741935,27.96129032,2.874193548,4.051612903,False,False,False,214.0,527.0
2021,서울,44.0,9,4614.26,30,14.565214646464646,서울,370.0,494.0,70.88333333,22.59666667,4.366666667,5.36,False,False,False,315.3333333333333,556.3333333333334
2021,울산,113.0,9,5791.38,30,7.118215339233039,울산,222.0,687.0,83.13,22.13,4.173333333,7.03,False,False,False,200.5,625.5
2022,서울,48.0,9,5045.46,30,14.599131944444444,서울,315.3333333333333,556.3333333333334,68.09,22.35333333,6.716666667,5.133333333,True,False,True,315.3333333333333,556.3333333333334
2022,울산,125.0,9,7483.92,30,8.315466666666667,울산,247.0,698.0,78.93,21.65333333,9.493333333,6.783333333,False,False,False,200.5,625.5
2023,서울,50.0,9,4551.33,30,12.642583333333333,서울,363.0,575.0,73.48333333,23.66333333,4.483333333,6.216666667,False,False,False,315.3333333333333,556.3333333333334
2023,울산,148.0,9,8384.5,30,7.868337087087086,울산,146.0,574.0,80.41,22.90333333,9.223333333,6.593333333,False,False,False,200.5,625.5
2024,서울,50.0,9,4772.03,30,13.255638888888887,서울,213.0,600.0,71.80333333,25.48333333,4.796666667,5.22,False,False,False,315.3333333333333,556.3333333333334
2024,울산,178.0,9,12288.96,30,9.588764044943819,울산,187.0,543.0,79.76333333,24.67333333,7.9,5.76,False,False,False,200.5,625.5
2021,서울,44.0,10,3995.58,31,12.205461876832844,서울,185.0,448.0,69.72258065,15.57419355,1.838709677,4.735483871,False,False,False,281.5,390.75
2021,울산,113.0,10,7202.58,31,8.56715672280902,울산,112.0,334.0,74.82258065,17.06129032,1.580645161,4.116129032,False,False,False,151.75,416.5
2022,서울,48.0,10,4713.0,31,13.197244623655912,서울,333.0,443.0,68.88709677,14.56451613,4.003225806,4.212903226,False,False,False,281.5,390.75
2022,울산,125.0,10,8396.5,31,9.028494623655913,울산,87.0,423.0,66.89677419,16.02258065,0.980645161,4.832258065,False,False,False,151.75,416.5
2023,서울,50.0,10,4952.23,31,13.31244623655914,서울,302.0,258.0,66.47741935,15.79354839,1.0,3.716129032,False,False,False,281.5,390.75
2023,울산,148.0,10,11077.42,31,10.060138767800058,울산,220.0,290.0,61.91935484,16.37741935,0.138709677,3.522580645,False,False,False,151.75,416.5
2024,서울,50.0,10,4343.28,31,11.675483870967742,서울,306.0,414.0,69.63870968,16.65483871,2.387096774,4.680645161,False,False,False,281.5,390.75
2024,울산,178.0,10,10033.48,31,7.57632596351335,울산,188.0,619.0,75.92580645,17.78064516,5.622580645,6.516129032,False,False,False,151.75,416.5
2021,서울,44.0,11,3253.8,30,10.270833333333334,서울,210.0,218.0,67.84666667,8.18,2.08,4.186666667,False,False,False,196.5,279.5
2021,울산,113.0,11,6580.49,30,8.088114552605703,울산,171.0,90.0,59.44666667,11.07,1.656666667,2.836666667,False,False,False,162.75,245.25
2022,서울,48.0,11,3758.25,30,10.874565972222221,서울,201.0,336.0,64.39,10.03,2.816666667,3.746666667,False,False,False,196.5,279.5
2022,울산,125.0,11,7206.13,30,8.006811111111112,울산,199.0,223.0,58.32666667,12.72666667,1.496666667,3.456666667,False,False,False,162.75,245.25
2023,서울,50.0,11,3708.8,30,10.302222222222222,서울,85.0,294.0,64.50333333,6.796666667,2.73,3.783333333,False,False,False,196.5,279.5
2023,울산,148.0,11,9514.81,30,8.929063438438439,울산,139.0,331.0,52.53,10.39333333,1.103333333,2.623333333,False,False,False,162.75,245.25
2024,서울,50.0,11,3688.94,30,10.247055555555555,서울,290.0,270.0,62.37666667,9.676666667,2.0,4.0,False,False,False,196.5,279.5
2024,울산,178.0,11,9989.48,30,7.794538077403246,울산,142.0,337.0,65.29666667,11.75333333,2.25,4.3,False,False,False,162.75,245.25
2021,서울,44.0,12,3243.29,31,9.907410801564028,서울,144.0,146.0,61.49032258,0.583870968,0.25483871,3.212903226,False,False,False,166.5,168.5
2021,울산,113.0,12,6708.67,31,7.979672185745551,울산,93.0,166.0,48.96774194,4.735483871,0.112903226,2.148387097,False,False,False,166.5,195.5
2022,서울,48.0,12,3265.41,31,9.14373319892473,서울,217.0,165.0,58.91935484,-2.816129032,0.438709677,3.412903226,False,False,False,166.5,168.5
2022,울산,125.0,12,7169.53,31,7.709172043010752,울산,215.0,225.0,43.90967742,2.022580645,0.312903226,3.016129032,False,False,False,166.5,195.5
2023,서울,50.0,12,2786.44,31,7.490430107526882,서울,82.0,255.0,69.3483871,1.116129032,2.770967742,4.406451613,False,False,False,166.5,168.5
2023,울산,148.0,12,7880.9,31,7.157167247893054,울산,138.0,330.0,55.41612903,4.864516129,4.087096774,3.580645161,False,False,False,166.5,195.5
2024,서울,50.0,12,3799.51,31,10.213736559139786,서울,223.0,108.0,56.2483871,0.848387097,0.183870968,2.874193548,False,False,False,166.5,168.5
2024,울산,178.0,12,12182.87,31,9.19934003866135,울산,220.0,61.0,44.56451613,4.05483871,0.0,2.567741935,False,False,False,166.5,195.5
