지역,연도,월,월합계일조(hr),월합계일사(MJ/m²),평균 습도(%),평균 기온(°C),평균 강수량(mm),평균 운량(1/10),flag_abnormal_sunshine,flag_invalid_solar,flag_impute
서울,2021,1,224.0,132.0,57.4516129,-2.370967742,0.609677419,3.887096774,False,False,False
서울,2021,2,173.0,124.0,55.43928571,2.732142857,0.253571429,3.975,False,False,False
서울,2021,3,320.0,266.0,62.84516129,9.016129032,3.577419355,4.661290323,False,False,False
서울,2021,4,256.0,478.0,54.21,14.19666667,4.136666667,4.806666667,False,False,False
서울,2021,5,225.0,555.0,68.1483871,17.06774194,5.906451613,5.638709677,False,False,False
서울,2021,6,286.0,465.0,72.49666667,22.81666667,3.486666667,5.603333333,False,False,False
서울,2021,7,253.33333333333334,536.0,70.90967742,28.11935484,5.429032258,5.861290323,True,False,True
서울,2021,8,275.3333333333333,558.0,74.22580645,25.85806452,6.812903226,6.951612903,True,False,True
서울,2021,9,370.0,494.0,70.88333333,22.59666667,4.366666667,5.36,False,False,False
서울,2021,10,185.0,448.0,69.72258065,15.57419355,1.838709677,4.735483871,False,False,False
서울,2021,11,210.0,218.0,67.84666667,8.18,2.08,4.186666667,False,False,False
서울,2021,12,144.0,146.0,61.49032258,0.583870968,0.25483871,3.212903226,False,False,False
서울,2022,1,230.0,121.0,55.21290323,-2.196774194,0.177419355,3.096774194,False,False,False
서울,2022,2,315.0,57.0,54.69642857,-1.125,0.167857143,3.157142857,False,False,False
서울,2022,3,393.0,278.0,61.93225806,7.65483871,3.309677419,5.190322581,False,False,False
서울,2022,4,227.0,187.0,55.03,14.75333333,0.68,4.133333333,False,False,False
서울,2022,5,364.0,314.0,55.33548387,19.12258065,0.241935484,3.9,False,False,False
서울,2022,6,270.0,534.0,73.37666667,23.30333333,13.12666667,6.913333333,False,False,False
서울,2022,7,362.0,542.0,77.23225806,27.32903226,8.138709677,6.893548387,False,False,False
서울,2022,8,193.0,715.0,80.17096774,25.74193548,18.21935484,7.283870968,False,False,False
서울,2022,9,315.3333333333333,556.3333333333334,68.09,22.35333333,6.716666667,5.133333333,True,False,True
서울,2022,10,333.0,443.0,68.88709677,14.56451613,4.003225806,4.212903226,False,False,False
서울,2022,11,201.0,336.0,64.39,10.03,2.816666667,3.746666667,False,False,False
서울,2022,12,217.0,165.0,58.91935484,-2.816129032,0.438709677,3.412903226,False,False,False
서울,2023,1,174.0,150.0,63.30322581,-1.522580645,1.54516129,3.64516129,False,False,False
서울,2023,2,257.0,154.0,58.9,2.3,0.035714286,3.457142857,False,False,False
서울,2023,3,315.0,277.0,51.24193548,9.780645161,0.338709677,3.35483871,False,False,False
서울,2023,4,219.0,531.0,59.93333333,13.8,3.23,5.35,False,False,False
서울,2023,5,327.0,479.0,62.49354839,19.52258065,5.019354839,5.329032258,False,False,False
서울,2023,6,307.0,351.0,72.43333333,23.38333333,6.52,5.696666667,False,False,False
서울,2023,7,206.0,464.0,81.07419355,26.70645161,14.83548387,6.729032258,False,False,False
서울,2023,8,291.0,641.0,76.3516129,27.18709677,9.616129032,6.467741935,False,False,False
서울,2023,9,363.0,575.0,73.48333333,23.66333333,4.483333333,6.216666667,False,False,False
서울,2023,10,302.0,258.0,66.47741935,15.79354839,1.0,3.716129032,False,False,False
서울,2023,11,85.0,294.0,64.50333333,6.796666667,2.73,3.783333333,False,False,False
서울,2023,12,82.0,255.0,69.3483871,1.116129032,2.770967742,4.406451613,False,False,False
서울,2024,1,85.0,220.0,64.21935484,-3.774193548,0.609677419,3.638709677,False,False,False
서울,2024,2,179.0,426.0,72.94827586,3.820689655,2.575862069,5.95862069,False,False,False
서울,2024,3,181.0,307.0,57.19354839,6.970967742,0.964516129,4.093548387,False,False,False
서울,2024,4,356.0,248.0,56.12413793,16.3137931,1.144827586,4.931034483,False,False,False
서울,2024,5,155.0,277.0,63.24193548,18.49354839,4.035483871,4.209677419,False,False,False
서울,2024,6,317.0,226.0,60.49666667,24.59333333,3.863333333,4.206666667,False,False,False
서울,2024,7,192.0,602.0,80.99354839,26.59677419,17.97741935,7.922580645,False,False,False
서울,2024,8,342.0,318.0,72.56774194,29.33225806,2.348387097,4.925806452,False,False,False
서울,2024,9,213.0,600.0,71.80333333,25.48333333,4.796666667,5.22,False,False,False
서울,2024,10,306.0,414.0,69.63870968,16.65483871,2.387096774,4.680645161,False,False,False
서울,2024,11,290.0,270.0,62.37666667,9.676666667,2.0,4.0,False,False,False
서울,2024,12,223.0,108.0,56.2483871,0.848387097,0.183870968,2.874193548,False,False,False
울산,2021,1,183.0,177.0,52.36129032,2.077419355,0.664516129,3.622580645,False,False,False
울산,2021,2,170.0,252.0,49.55714286,6.532142857,1.028571429,3.475,False,False,False
울산,2021,3,279.0,339.0,67.91612903,10.49354839,4.480645161,5.374193548,False,False,False
울산,2021,4,260.0,477.0,61.53666667,13.82333333,2.463333333,4.853333333,False,False,False
울산,2021,5,236.0,488.0,68.06129032,17.75806452,3.883870968,5.896774194,False,False,False
울산,2021,6,284.0,491.0,80.14,21.66333333,3.126666667,6.533333333,False,False,False
울산,2021,7,380.0,413.0,85.2483871,25.9483871,6.106451613,6.638709677,False,False,False
울산,2021,8,207.0,739.0,86.68064516,25.31290323,14.31935484,6.95483871,False,False,False
울산,2021,9,222.0,687.0,83.13,22.13,4.173333333,7.03,False,False,False
울산,2021,10,112.0,334.0,74.82258065,17.06129032,1.580645161,4.116129032,False,False,False
울산,2021,11,171.0,90.0,59.44666667,11.07,1.656666667,2.836666667,False,False,False
울산,2021,12,93.0,166.0,48.96774194,4.735483871,0.112903226,2.148387097,False,False,False
울산,2022,1,210.0,196.0,38.83870968,2.593548387,0.029032258,3.196774194,False,False,False
울산,2022,2,204.0,203.0,36.81785714,2.657142857,0.078571429,2.960714286,False,False,False
울산,2022,3,328.0,280.0,59.77096774,9.870967742,1.790322581,5.267741935,False,False,False
울산,2022,4,264.0,222.0,58.86,14.73666667,2.7,4.203333333,False,False,False
울산,2022,5,318.0,290.0,54.38709677,19.18709677,0.196774194,3.877419355,False,False,False
울산,2022,6,249.0,335.0,77.48666667,22.42333333,4.903333333,5.77,False,False,False
울산,2022,7,199.0,477.0,82.98064516,25.97419355,4.032258065,6.503225806,False,False,False
울산,2022,8,306.0,692.0,78.68387097,26.35806452,4.467741935,6.841935484,False,False,False
울산,2022,9,247.0,698.0,78.93,21.65333333,9.493333333,6.783333333,False,False,False
울산,2022,10,87.0,423.0,66.89677419,16.02258065,0.980645161,4.832258065,False,False,False
울산,2022,11,199.0,223.0,58.32666667,12.72666667,1.496666667,3.456666667,False,False,False
울산,2022,12,215.0,225.0,43.90967742,2.022580645,0.312903226,3.016129032,False,False,False
울산,2023,1,144.0,153.0,45.16451613,2.596774194,1.332258065,2.651612903,False,False,False
울산,2023,2,201.0,273.0,53.18214286,5.2,1.0,4.675,False,False,False
울산,2023,3,206.0,247.0,53.6516129,11.43225806,2.203225806,4.129032258,False,False,False
울산,2023,4,154.0,335.0,59.91333333,14.09,1.923333333,4.183333333,False,False,False
울산,2023,5,230.0,606.0,69.18387097,17.76774194,6.296774194,5.95483871,False,False,False
울산,2023,6,352.0,373.0,74.21333333,22.28333333,4.713333333,6.263333333,False,False,False
울산,2023,7,264.0,491.0,80.26451613,25.79677419,8.609677419,6.587096774,False,False,False
울산,2023,8,180.0,435.0,79.70967742,26.52258065,13.00967742,5.783870968,False,False,False
울산,2023,9,146.0,574.0,80.41,22.90333333,9.223333333,6.593333333,False,False,False
울산,2023,10,220.0,290.0,61.91935484,16.37741935,0.138709677,3.522580645,False,False,False
울산,2023,11,139.0,331.0,52.53,10.39333333,1.103333333,2.623333333,False,False,False
울산,2023,12,138.0,330.0,55.41612903,4.864516129,4.087096774,3.580645161,False,False,False
울산,2024,1,49.0,377.0,52.55483871,0.003225806,1.364516129,3.109677419,False,False,False
울산,2024,2,47.0,600.0,71.04482759,5.979310345,3.634482759,6.275862069,False,False,False
울산,2024,3,160.0,386.0,56.02903226,8.558064516,2.587096774,4.364516129,False,False,False
울산,2024,4,280.0,369.0,67.37241379,11.08275862,3.417241379,5.586206897,False,False,False
울산,2024,5,244.0,314.0,63.95806452,17.88064516,2.235483871,4.216129032,False,False,False
울산,2024,6,399.0,371.0,70.57,22.58666667,4.153333333,6.136666667,False,False,False
울산,2024,7,275.0,582.0,77.4516129,26.92903226,6.748387097,6.290322581,False,False,False
울산,2024,8,163.0,242.0,75.77741935,27.96129032,2.874193548,4.051612903,False,False,False
울산,2024,9,187.0,543.0,79.76333333,24.67333333,7.9,5.76,False,False,False
울산,2024,10,188.0,619.0,75.92580645,17.78064516,5.622580645,6.516129032,False,False,False
울산,2024,11,142.0,337.0,65.29666667,11.75333333,2.25,4.3,False,False,False
울산,2024,12,220.0,61.0,44.56451613,4.05483871,0.0,2.567741935,False,False,False
