연도,서울,부산,대구,인천,광주,대전,울산,경기,강원,충북,충남,전북,전남,경북,경남,제주,세종
2021,"22,560,847,099","10,184,622,328","7,605,565,818","12,226,476,193","4,346,389,933","4,766,906,464","16,488,046,837","65,328,117,645","8,464,882,968","14,105,145,019","24,075,993,804","10,689,138,575","16,348,264,282","21,850,117,759","17,989,377,443","2,802,613,689","1,789,785,531"
2021,"24,734,958,041","10,883,210,922","7,838,383,033","12,674,718,197","4,627,056,590","4,981,714,214","17,105,076,150","68,117,830,470","8,343,122,678","14,296,917,612","24,725,632,046","10,797,722,118","17,138,621,878","22,073,804,902","17,744,682,051","2,885,115,932","2,505,577,154"
2022,"23,537,525,845","10,531,385,620","7,852,636,289","12,632,659,928","4,452,697,135","4,911,166,463","16,513,660,299","69,364,336,202","8,838,874,185","14,597,631,006","25,269,800,042","10,915,602,347","17,359,975,578","22,696,834,195","18,260,171,337","3,021,842,499","1,230,654,986"
2022,"25,251,151,541","10,962,262,348","8,186,623,939","12,874,204,050","4,664,173,587","5,105,710,666","16,405,520,417","71,166,675,668","8,486,646,231","14,814,595,649","24,989,838,074","10,922,871,607","17,305,129,034","21,567,114,431","17,930,748,438","3,023,512,891","1,951,424,302"
2023,"23,458,083,421","10,420,526,691","7,854,802,883","12,683,591,820","4,397,289,126","4,823,608,529","15,692,512,980","69,440,645,159","8,745,004,430","14,691,219,251","24,522,996,663","10,717,385,829","16,997,076,704","22,123,596,017","18,265,958,210","3,035,537,144","1,911,304,787"
2023,"25,760,872,472","11,135,138,452","8,434,046,730","13,192,076,771","4,685,953,042","5,098,530,604","16,133,613,715","70,871,401,975","8,369,650,173","14,759,578,060","25,103,737,590","10,726,061,857","16,987,788,985","21,608,440,485","18,085,837,544","3,042,326,097","2,024,189,486"
2024,"23,591,987,825","10,375,447,105","8,070,594,627","12,511,290,831","4,441,769,766","4,837,989,502","15,667,148,565","69,709,698,706","8,456,253,019","14,105,553,875","24,806,439,273","8,920,292,066","16,445,013,889","21,620,154,128","18,155,075,082","3,024,135,026","2,002,415,268"
2024,"17,781,092,994","8,244,426,370","6,303,958,443","10,346,627,010","3,482,439,362","3,940,292,767","15,174,590,599","59,740,852,666","6,436,868,564","11,542,590,361","22,869,932,433","9,192,500,011","15,333,858,430","19,516,705,429","15,112,214,767","2,485,215,101","1,708,484,187"
2025,"23,996,034,114","10,496,407,698","8,002,005,507","12,653,287,074","4,486,962,163","4,938,967,530","14,863,337,353","70,435,293,394","8,329,148,071","13,257,051,958","24,788,379,767","10,688,418,440","16,998,256,596","21,139,182,757","18,186,817,643","3,028,588,980","2,071,485,553"
2025,"19,367,495,898","8,183,193,593","6,097,743,154","9,438,369,037","3,421,569,075","3,799,752,335","10,551,130,375","51,408,960,851","5,317,798,033","9,265,622,868","17,039,461,677","7,483,937,050","11,310,492,223","14,630,324,127","12,490,386,072","2,281,179,502","1,529,730,599"
,,,,,,,,,,,,,,,,,
,,,,,,,,,,,,,,,,,
,,,,,,,,,,,,,,,,,
,,,,,,,,,,,,,,,,,
,,,,,,,,,,,,,,,,,
,,,,,,,,,,,,,,,,,
,,,,,,,,,,,,,,,,,
KWh,,,,,,,,,,,,,,,,,
연도,서울,부산,대구,인천,광주,대전,울산,경기,강원,충북,충남,전북,전남,경북,경남,제주,세종
2021,"47,295,805,140","21,067,833,250","15,443,948,851","24,901,194,390","8,973,446,523","9,748,620,678","33,593,122,987","133,445,948,115","16,808,005,646","28,402,062,631","48,801,625,850","21,486,860,693","33,486,886,160","43,923,922,661","35,734,059,494","5,687,729,621","4,295,362,685"
2022,"48,788,677,386","21,493,647,968","16,039,260,228","25,506,863,978","9,116,870,722","10,016,877,129","32,919,180,716","140,531,011,870","17,325,520,416","29,412,226,655","50,259,638,116","21,838,473,954","34,665,104,612","44,263,948,626","36,190,919,775","6,045,355,390","3,182,079,288"
2023,"49,218,955,893","21,555,665,143","16,288,849,613","25,875,668,591","9,083,242,168","9,922,139,133","31,826,126,695","140,312,047,134","17,114,654,603","29,450,797,311","49,626,734,253","21,443,447,686","33,984,865,689","43,732,036,502","36,351,795,754","6,077,863,241","3,935,494,273"
2024,"41,373,080,819","18,619,873,475","14,374,553,070","22,857,917,841","7,924,209,128","8,778,282,269","30,841,739,164","129,450,551,372","14,893,121,583","25,648,144,236","47,676,371,706","18,112,792,077","31,778,872,319","41,136,859,557","33,267,289,849","5,509,350,127","3,710,899,455"
2025,"43,363,530,012","18,679,601,291","14,099,748,661","22,091,656,111","7,908,531,238","8,738,719,865","25,414,467,728","121,844,254,245","13,646,946,104","22,522,674,826","41,827,841,444","18,172,355,490","28,308,748,819","35,769,506,884","30,677,203,715","5,309,768,482","3,601,216,152"
,,,,,,,,,,,,,,,,,
,,,,,,,,,,,,,,,,,
GWh,,,,,,,,,,,,,,,,,
연도,서울,부산,대구,인천,광주,대전,울산,경기,강원,충북,충남,전북,전남,경북,경남,제주,세종
2021,"47,295.81","21,067.83","15,443.95","24,901.19","8,973.45","9,748.62","33,593.12","133,445.95","16,808.01","28,402.06","48,801.63","21,486.86","33,486.89","43,923.92","35,734.06","5,687.73","4,295.36"
2022,"48,788.68","21,493.65","16,039.26","25,506.86","9,116.87","10,016.88","32,919.18","140,531.01","17,325.52","29,412.23","50,259.64","21,838.47","34,665.10","44,263.95","36,190.92","6,045.36","3,182.08"
2023,"49,218.96","21,555.67","16,288.85","25,875.67","9,083.24","9,922.14","31,826.13","140,312.05","17,114.65","29,450.80","49,626.73","21,443.45","33,984.87","43,732.04","36,351.80","6,077.86","3,935.49"
2024,"41,373.08","18,619.87","14,374.55","22,857.92","7,924.21","8,778.28","30,841.74","129,450.55","14,893.12","25,648.14","47,676.37","18,112.79","31,778.87","41,136.86","33,267.29","5,509.35","3,710.90"
2025,"43,363.53","18,679.60","14,099.75","22,091.66","7,908.53","8,738.72","25,414.47","121,844.25","13,646.95","22,522.67","41,827.84","18,172.36","28,308.75","35,769.51","30,677.20","5,309.77","3,601.22"
,,,,,,,,,,,,,,,,,
TWh,,,,,,,,,,,,,,,,,
연도,서울,부산,대구,인천,광주,대전,울산,경기,강원,충북,충남,전북,전남,경북,경남,제주,세종
2021,47.3,21.07,15.44,24.9,8.97,9.75,33.59,133.45,16.81,28.4,48.8,21.49,33.49,43.92,35.73,5.69,4.3
2022,48.79,21.49,16.04,25.51,9.12,10.02,32.92,140.53,17.33,29.41,50.26,21.84,34.67,44.26,36.19,6.05,3.18
2023,49.22,21.56,16.29,25.88,9.08,9.92,31.83,140.31,17.11,29.45,49.63,21.44,33.98,43.73,36.35,6.08,3.94
2024,41.37,18.62,14.37,22.86,7.92,8.78,30.84,129.45,14.89,25.65,47.68,18.11,31.78,41.14,33.27,5.51,3.71
2025,43.36,18.68,14.1,22.09,7.91,8.74,25.41,121.84,13.65,22.52,41.83,18.17,28.31,35.77,30.68,5.31,3.6
,,,,,,,,,,,,,,,,,
