지역,연도,월,이용률_anom,월합계일조(hr)_anom,월합계일사(MJ/m²)_anom,평균 습도(%)_anom,평균 기온(°C)_anom,월합계강수량(mm)_anom,평균 운량(1/10)_anom
서울,2021,1,-0.5419273378950802,-7.0,-10.275000000000034,-3.109543010752688,-0.7537970430107526,-3.6000000000000014,0.23723118279569944
울산,2021,1,-0.377529946010732,-5.349999999999994,-118.295,4.697244623655919,-0.6276545698924729,-5.674999999999997,0.4457094310639653
서울,2022,1,0.814662756598242,17.5,14.394999999999982,-5.516801075268816,-0.5560819892473121,-18.2,-0.5786290322580645
울산,2022,1,0.9598600054594364,18.349999999999994,-118.295,-8.879368279569889,-0.055611559139784994,-25.375,0.019054502507028115
서울,2023,1,0.10700594656239915,1.5,3.4750000000000227,2.6041666666666714,0.14566532258064502,25.4,0.105510752688172
울산,2023,1,-0.3476578672519848,6.349999999999994,45.394999999999996,-2.64146505376344,-0.07335349462365537,15.024999999999999,-0.4830540097962497
서울,2024,1,-0.37974136526555924,-12.000000000000028,-7.595000000000027,6.022177419354847,1.1642137096774192,-3.6000000000000014,0.2358870967741935
울산,2024,1,-0.23467219219671875,-19.349999999999966,191.195,6.8235887096774235,0.7566196236559142,16.025,0.018290076225255802
서울,2021,2,0.8934961802445631,7.925000000000011,11.425000000000011,-4.91239480706075,0.7914524322660101,-15.074999999999996,-0.2427391215106729
울산,2021,2,0.7731716687304075,27.75,-147.65,-3.1201765188834187,1.4451508620689655,-12.3,-0.8289694685631552
서울,2022,2,1.643755469566356,30.725000000000023,38.92500000000001,-5.768049568965516,-3.0634582820197043,-16.275,-0.9852986453201971
울산,2022,2,2.5286306868509296,61.75,-147.65,-15.846366995073893,-2.4564860426929394,-38.9,-1.3102738260603193
서울,2023,2,0.8430064616298463,25.125,26.785000000000025,-1.6609067118226548,0.37195838464696207,-21.174999999999997,-0.6847034072249589
울산,2023,2,-0.7995753137925714,-9.449999999999989,195.45000000000002,0.47506157635467616,0.12401990968801258,-13.100000000000001,0.23423576882241015
서울,2024,2,-3.380258111440762,-63.77499999999999,-77.13499999999999,12.341351087848935,1.9000474651067325,52.52499999999999,1.9127411740558289
울산,2024,2,-2.502227041788764,-80.04999999999998,99.85,18.49148193760263,0.8873152709359609,64.30000000000001,1.9050075258010635
서울,2021,3,0.46802050240306414,7.549999999999983,8.72750000000002,4.657716275659823,0.6486567470896656,47.425000000000004,0.265187616635564
울산,2021,3,-0.24536000599402463,-11.150000000000006,-249.0775,8.49764784946236,0.4561491935483879,53.17500000000001,0.6815767707108966
서울,2022,3,-1.1839197672287387,-32.45000000000002,-42.8125,3.8351356304985345,-0.7099454034479695,39.12499999999999,0.9627682617968549
울산,2022,3,-0.040769750022951357,-4.150000000000006,-249.0775,0.23823924731183155,-0.20917338709677225,-30.224999999999994,0.39881807496408506
서울,2023,3,0.779549094778428,34.349999999999994,52.35749999999996,-7.038520283479961,1.4373664245090207,-52.975,-0.877285501644006
울산,2023,3,-0.19255295258034621,15.849999999999994,265.3225,-5.592405913978496,1.3315524193548391,-17.424999999999997,-0.7162726916546953
서울,2024,3,-0.06364982995275348,-9.449999999999989,-18.272499999999923,-1.4543316226783958,-1.3760777681507141,-33.575,-0.3506703767884116
울산,2024,3,0.4786827085973222,-0.5500000000000114,232.83250000000004,-3.1434811827956963,-1.5785282258064512,-5.525000000000006,-0.36412215402028636
서울,2021,4,0.6418377788299665,-3.0250000000000057,0.8524999999999636,-2.0982638888888943,-0.5766319444444417,55.45000000000002,0.1097222222222225
울산,2021,4,0.6402415461822564,13.599999999999994,-263.5375,-0.7829861111111072,-0.5621527777777775,-4.025000000000006,0.18532104775150682
서울,2022,4,2.0874159564393935,34.775000000000034,57.8125,-1.1690972222222271,-0.01538194444444585,-48.25000000000001,-0.6375000000000002
울산,2022,4,0.971738498001331,30.400000000000006,-263.5375,-3.738541666666663,0.3410416666666638,3.075000000000003,-0.5323520321434092
서울,2023,4,-2.0860574231902334,-29.32499999999999,-59.397500000000036,3.468402777777783,-0.9703819444444459,28.25,0.47638888888888875
울산,2023,4,-0.8677888293259954,-2.9000000000000057,291.60249999999996,-2.430208333333333,-0.29812499999999886,-20.224999999999994,-0.5535678411373821
서울,2024,4,-0.6431963120791231,-2.4250000000000114,0.7325000000000728,-0.20104166666666856,1.5623958333333352,-35.45,0.05138888888888893
울산,2024,4,-0.7441912148575955,-41.099999999999994,235.47249999999997,6.951736111111117,0.5192361111111126,21.174999999999997,0.9005988255292845
서울,2021,5,-2.12431899641577,-47.20000000000002,-97.04250000000002,5.807459677419359,-1.4901545698924714,65.27499999999999,0.873991935483871
울산,2021,5,-1.4237729278751186,-33.57499999999999,-319.2525,4.288306451612904,-0.4228158602150529,22.650000000000006,0.8881048387096779
서울,2022,5,2.5266666666666673,51.400000000000006,97.0675,-6.743615591397848,0.5695228494623663,-110.325,-0.819556451612903
울산,2022,5,2.1224721001960596,65.625,-319.2525,-9.578629032258064,1.0507056451612868,-91.65,-1.048723118279569
서울,2023,5,-0.7521953405017889,-15.300000000000011,-19.362499999999955,0.09912634408602372,0.9810819892473148,37.77500000000002,0.525873655913978
울산,2023,5,-2.17929112270426,-52.57499999999999,246.04749999999996,5.288306451612904,-0.3721438172043001,97.44999999999999,0.98622311827957
서울,2024,5,0.3498476702508988,11.099999999999994,19.337499999999977,0.8370295698924721,-0.060450268817206165,7.2749999999999915,-0.580309139784946
울산,2024,5,1.480591950383321,20.525000000000034,392.45750000000004,0.002016129032256231,-0.2557459677419338,-28.450000000000003,-0.825604838709677
서울,2021,6,0.02352672558922464,-14.025000000000006,-9.307500000000005,3.01840277777778,-0.725868055555555,-97.87500000000003,0.13611111111111107
울산,2021,6,-0.61910092000746,-0.32499999999998863,-300.45000000000005,4.727777777777774,-0.593715277777779,-32.92500000000001,0.2815972222222225
서울,2022,6,-2.997706439393939,-67.625,-132.06750000000005,3.4906250000000085,-0.20392361111110802,191.325,1.2680555555555548
울산,2022,6,-0.42005667221984666,12.675000000000011,-300.45000000000005,1.7958333333333343,0.1851736111111144,20.374999999999986,-0.328125
서울,2023,6,0.02500652356902222,-4.425000000000011,-0.4874999999999545,2.696180555555557,-0.13072916666666856,-6.875000000000028,0.10416666666666607
울산,2023,6,0.021093477930303806,-8.324999999999989,301.69000000000005,-1.6444444444444457,0.05822916666665989,14.674999999999997,0.13437500000000036
서울,2024,6,2.949173190235694,86.07500000000002,141.86249999999995,-9.205208333333331,1.0605208333333316,-86.57500000000002,-1.5083333333333337
울산,2024,6,1.0180641142970064,-4.024999999999977,299.2099999999999,-4.879166666666677,0.35031250000000114,-2.124999999999986,-0.08784722222222197
서울,2021,7,2.4472691634082757,50.77499999999998,86.22749999999996,-6.631720430107521,0.9198924731182814,-190.87499999999994,-0.8726478494623651
울산,2021,7,-0.004159065413743335,40.75,-274.5525,3.582022849462362,-0.19711021505376536,-8.299999999999983,0.07392473118279508
서울,2022,7,0.23428244134897191,-4.325000000000017,16.70750000000004,-0.39112903225806406,0.16250000000000142,-107.97499999999997,0.10853494623655902
울산,2022,7,-0.15243673217556797,-11.150000000000006,-274.5525,1.5818884408602116,-0.19200268817203892,-72.6,0.081989247311828
서울,2023,7,-0.7294585980775512,1.6750000000000114,-13.28249999999997,3.51478494623656,-0.4799731182795668,100.72500000000002,-0.08635752688172005
울산,2023,7,-0.5647442009346477,-28.149999999999977,259.0875,-1.0832997311828052,-0.3800403225806477,69.29999999999998,0.131720430107527
서울,2024,7,-1.9520930066797,-48.125000000000014,-89.65249999999997,3.508064516129039,-0.602419354838716,198.125,0.850470430107527
울산,2024,7,0.7213399985239608,-1.450000000000017,290.0174999999999,-4.080611559139783,0.7691532258064555,11.599999999999994,-0.28763440860215095
서울,2021,8,-0.3172573771994145,-17.375000000000014,-23.735000000000014,-1.5188172043010724,-1.1742943548387075,-79.1,0.5999641335536037
울산,2021,8,-1.8728994987977137,-32.82499999999999,-296.36249999999995,6.376008064516128,-1.2078965053763504,175.425,1.0275045895620245
서울,2022,8,-1.4738510355571837,-28.375000000000014,-48.735000000000014,4.385752688172047,-1.2909610215053782,279.99999999999994,0.9344205576326692
울산,2022,8,-0.6868798013954862,-37.125,-296.36249999999995,-1.469422043010752,-0.17093413978494354,-129.97499999999997,0.9119787568843423
서울,2023,8,-0.11448611620234495,11.424999999999983,17.154999999999973,0.40860215053763227,0.17221102150537604,12.199999999999989,0.05673238558965821
울산,2023,8,-0.3401002315030137,-2.9250000000000114,234.28750000000002,-0.5877016129032313,-0.015154569892473546,133.925,-0.13237608182533478
서울,2024,8,1.9055945289589467,34.32499999999999,55.315,-3.2755376344086073,2.293044354838706,-213.10000000000005,-1.5911170767759328
울산,2024,8,2.8998795316962127,72.875,358.4375,-4.318884408602145,1.3939852150537604,-179.37499999999994,-1.8071072646210338
서울,2021,9,0.7995724431818196,4.524999999999977,15.299999999999955,-0.2055555555555486,-0.9420486111111082,-18.375,-0.05833333333333357
울산,2021,9,-1.1044804452496138,-8.649999999999977,-212.67000000000002,2.6569444444444485,-0.7283333333333317,-105.94999999999997,0.5577475467470254
서울,2022,9,0.8334897411616176,26.42500000000001,37.379999999999995,-2.9097222222222143,-1.1591319444444466,47.525000000000006,-0.3305555555555557
울산,2022,9,0.09277088218401452,-10.849999999999994,-212.67000000000002,-1.7222222222222285,-1.1694444444444478,53.64999999999998,0.333991558491733
서울,2023,9,-1.123058869949494,-20.375,-33.05000000000001,2.495833333333337,0.13184027777777274,-19.275000000000006,0.6055555555555552
울산,2023,9,-0.3543586973955666,-2.6500000000000057,184.82,-0.22638888888889142,0.08555555555555117,46.450000000000045,-0.10906399706382341
서울,2024,9,-0.5100033143939395,-10.575000000000045,-19.630000000000052,0.6194444444444542,1.9693402777777784,-9.875,-0.21666666666666679
울산,2024,9,1.3660682604611676,22.150000000000006,240.51999999999998,-0.7083333333333286,1.8122222222222213,5.850000000000023,-0.7826751081749341
서울,2021,10,-0.39219727517106584,-21.474999999999994,-35.754999999999995,1.0762768817204318,-0.06155913978494709,-14.525000000000006,0.425739247311828
울산,2021,10,-0.24087229663556542,21.07499999999999,-193.945,5.0181451612903345,0.24059139784946026,-15.500000000000007,-0.612231182795699
서울,2022,10,0.5995854716520022,26.125,30.835000000000036,0.10719086021505575,-1.094489247311829,52.57499999999999,-0.15356182795698903
울산,2022,10,0.22046560421132533,15.075000000000017,-193.945,-2.867607526881713,-0.7975806451612897,-34.1,0.137768817204301
서울,2023,10,0.7147870845552298,18.82499999999999,27.194999999999993,-2.138776881720432,0.1268817204301076,-40.525000000000006,-0.582325268817204
울산,2023,10,1.2521097483554726,35.974999999999994,265.325,-8.088037634408593,-0.4345430107526873,-60.2,-1.164650537634408
서울,2024,10,-0.9221752810361679,-23.474999999999966,-22.274999999999977,0.9553091397849443,1.0291666666666668,2.4749999999999943,0.31014784946236595
울산,2024,10,-1.231703055931236,-72.12500000000001,122.565,5.9375,0.9915322580645132,109.80000000000001,1.639112903225807
서울,2021,11,-0.15283593749999902,-13.025000000000006,-15.904999999999973,3.1996527777777857,-0.5300694444444431,-9.799999999999997,0.15555555555555545
울산,2021,11,-0.11651724228392268,22.150000000000006,-159.26999999999998,0.5166666666666728,-0.4180208333333333,0.8999999999999986,-0.42951388888888875
서울,2022,11,0.4508967013888867,10.875,11.225000000000023,-0.46701388888888573,1.3803472222222233,12.299999999999997,-0.10694444444444429
울산,2022,11,-0.19782068377851303,12.550000000000011,-159.26999999999998,-0.6791666666666671,1.27670138888889,-3.8999999999999986,0.2093750000000001
서울,2023,11,-0.12144704861111144,-4.724999999999994,-3.4049999999999727,-0.25034722222221717,-1.862708333333333,9.699999999999989,-0.13750000000000018
울산,2023,11,0.7244316435488134,10.949999999999989,188.24,-6.261111111111113,-1.1139930555555573,-15.700000000000003,-0.7045138888888887
서울,2024,11,-0.17661371527777625,6.875,8.085000000000036,-2.4822916666666615,1.0124305555555555,-12.200000000000003,0.08888888888888902
울산,2024,11,-0.41009371748637946,-45.650000000000006,130.3,6.423611111111107,0.2553125000000005,18.699999999999996,0.9246527777777778
서울,2021,12,0.7185831347751712,2.6500000000000057,-2.3899999999999864,-0.025735919450980305,0.7198531396518321,-20.225,-0.24391556107733914
울산,2021,12,-0.0316656930821253,9.950000000000017,-151.8,0.8538306451612883,0.8274529569892475,-31.475,-0.67919940954283
서울,2022,12,-0.04509446786412674,14.349999999999994,15.860000000000014,-2.5109509732144204,-2.69291567755247,-14.525000000000004,0.051783363653843395
울산,2022,12,-0.3021658358169246,3.5500000000000114,-151.8,-4.385416666666664,-1.921202956989247,-25.275000000000002,0.26806646984760985
서울,2023,12,-1.6983975592619744,-40.55000000000001,-42.309999999999974,7.746562597062606,0.9856018713670853,57.17500000000001,0.8406176509739538
울산,2023,12,-0.8541706309346226,-29.049999999999983,125.58999999999997,7.140120967741936,0.9371303763440859,91.725,0.6847331365142764
서울,2024,12,1.024908892350929,23.55000000000001,28.840000000000032,-5.209875704397206,0.9874606665335524,-22.425000000000004,-0.6484854535504576
울산,2024,12,1.1880021598336743,15.550000000000011,178.01,-3.60853494623656,0.1566196236559141,-34.975,-0.2736001968190571
