연도,구분,누적 설비용량(MW),월,발전량,지역,월합계일조(hr),월합계일사(MJ/m²),평균 습도(%),평균 기온(°C),월합계강수량(mm),평균 운량(1/10),일수,이용률
2021,서울,44,1,3034.95,서울,182.4,277.03,57.36290322580645,-2.386290322580645,18.9,3.848118279569893,31,9.27098607038123
2021,울산,113,1,5691.22,울산,211.5,0.0,52.418010752688176,2.018010752688172,20.6,3.711021505376344,31,6.769459510895423
2022,서울,48,1,3795.32,서울,206.9,301.7,54.95564516129032,-2.1885752688172047,4.300000000000001,3.032258064516129,31,10.627576164874553
2022,울산,125,1,7539.37,울산,235.2,0.0,38.84139784946237,2.59005376344086,0.8999999999999999,3.284366576819407,31,8.106849462365592
2023,서울,50,1,3690.21,서울,190.9,290.78000000000003,63.07661290322581,-1.4868279569892475,47.9,3.7163978494623655,31,9.91991935483871
2023,울산,148,1,7486.88,울산,223.2,163.69,45.079301075268816,2.5723118279569896,41.3,2.782258064516129,31,6.79933158965417
2024,서울,50,1,3509.14,서울,177.39999999999998,279.71,66.49462365591398,-0.4682795698924732,18.9,3.846774193548387,31,9.433172043010753
2024,울산,178,1,9154.12,울산,197.50000000000003,309.49,54.54435483870968,3.402284946236559,42.3,3.2836021505376345,31,6.912317264709436
2021,서울,44,2,3980.64,서울,181.0,348.55,55.51636904761905,2.7257440476190475,7.1000000000000005,3.866071428571429,28,13.462662337662337
2021,울산,113,2,6663.84,울산,208.7,0.0,49.595238095238095,6.510565476190477,28.8,3.526080476900149,28,8.775600505689003
2022,서울,48,2,4584.52,서울,203.8,376.05,54.660714285714285,-1.1291666666666669,5.9,3.1235119047619047,28,14.212921626984128
2022,울산,125,2,8846.09,울산,242.7,0.0,36.86904761904762,2.608928571428572,2.2,3.044776119402985,28,10.531059523809525
2023,서울,50,2,4506.49,서울,198.2,363.91,58.767857142857146,2.3062499999999995,1.0,3.424107142857143,28,13.412172619047618
2023,울산,148,2,7163.67,울산,171.5,343.1,53.19047619047619,5.189434523809524,28.0,4.589285714285714,28,7.202853523166024
2024,서울,50,2,3197.74,서울,109.3,259.99,72.77011494252874,3.83433908045977,74.69999999999999,6.021551724137931,29,9.18890804597701
2024,울산,178,2,6814.09,울산,100.9,247.5,71.20689655172414,5.952729885057472,105.4,6.260057471264368,29,5.500201795169831
2021,서울,44,3,4907.55,서울,213.0,476.94,62.869623655913976,8.974596774193548,110.9,4.604838709677419,31,14.991293988269797
2021,울산,113,3,7711.13,울산,204.5,0.0,67.94489247311827,10.506989247311829,138.9,5.491935483870968,31,9.17205490531925
2022,서울,48,3,4763.75,서울,173.0,425.4,62.04704301075269,7.615994623655913,102.6,5.30241935483871,31,13.339353718637991
2022,울산,125,3,8720.28,울산,211.5,0.0,59.685483870967744,9.841666666666669,55.5,5.209176788124156,31,9.376645161290323
2023,서울,50,3,5692.65,서울,239.8,520.5699999999999,51.17338709677419,9.763306451612904,10.5,3.462365591397849,31,15.30282258064516
2023,울산,148,3,10157.68,울산,231.5,514.4,53.854838709677416,11.38239247311828,68.3,4.094086021505376,31,9.224861958732927
2024,서울,50,3,5378.98,서울,196.00000000000003,449.94000000000005,56.75757575757576,6.949862258953169,29.9,3.9889807162534434,31,14.459623655913978
2024,울산,178,3,13105.6,울산,215.1,481.91,56.303763440860216,8.47231182795699,80.19999999999999,4.446236559139785,31,9.896097619910597
2021,서울,44,4,5397.13,서울,208.6,558.28,54.290277777777774,14.162916666666668,124.10000000000002,4.911111111111111,30,17.036395202020202
2021,울산,113,4,9333.92,울산,241.5,0.0,61.71527777777778,13.819583333333334,73.89999999999999,4.993055555555555,30,11.472369714847591
2022,서울,48,4,6387.37,서울,246.40000000000003,615.24,55.21944444444444,14.724166666666664,20.4,4.163888888888889,30,18.48197337962963
2022,울산,125,4,10623.48,울산,258.3,0.0,58.75972222222222,14.722777777777775,81.0,4.275382475660639,30,11.803866666666666
2023,서울,50,4,5151.06,서울,182.3,498.03,59.85694444444445,13.769166666666663,96.9,5.277777777777778,30,14.308500000000002
2023,울산,148,4,10618.0,울산,225.0,555.14,60.06805555555555,14.083611111111113,57.7,4.254166666666666,30,9.96433933933934
2024,서울,50,4,5670.49,서울,209.2,558.1600000000001,56.1875,16.301944444444445,33.2,4.852777777777778,30,15.751361111111112
2024,울산,178,4,12928.7,울산,186.8,499.01,69.45,14.900972222222224,99.1,5.708333333333333,30,10.087936953807741
2021,서울,44,5,5047.46,서울,203.7,570.5,68.18279569892474,17.037768817204302,183.1,5.631720430107527,31,15.418682795698924
2021,울산,113,5,8745.09,울산,219.0,0.0,68.21505376344086,17.70806451612903,120.4,5.956989247311828,31,10.401905509563232
2022,서울,48,5,7167.28,서울,302.3,764.61,55.63172043010753,19.09744623655914,7.5,3.938172043010753,31,20.06966845878136
2022,울산,125,5,12971.78,울산,318.2,0.0,54.348118279569896,19.181586021505375,6.1,4.020161290322581,31,13.94815053763441
2023,서울,50,5,6246.18,서울,235.6,648.1800000000001,62.4744623655914,19.50900537634409,155.60000000000002,5.283602150537634,31,16.790806451612905
2023,울산,148,5,10621.83,울산,200.0,565.3,69.21505376344086,17.758736559139784,195.2,6.05510752688172,31,9.64638731473409
2024,서울,50,5,6656.14,서울,262.0,686.88,63.21236559139785,18.467473118279568,125.1,4.17741935483871,31,17.892849462365593
2024,울산,178,5,17621.76,울산,273.1,711.71,63.928763440860216,17.87513440860215,69.3,4.243279569892473,31,13.306270387821673
2021,서울,44,6,4988.7,서울,185.5,563.35,72.65138888888889,22.781111111111112,104.6,5.888888888888889,30,15.74715909090909
2021,울산,113,6,8291.0,울산,212.7,0.0,80.28888888888889,21.62708333333333,93.8,6.483333333333333,30,10.190511307767945
2022,서울,48,6,4398.08,서울,131.9,440.59,73.12361111111112,23.30305555555556,393.8,7.020833333333333,30,12.725925925925926
2022,울산,125,6,9350.6,울산,225.7,0.0,77.35694444444445,22.405972222222225,147.1,5.873611111111111,30,10.389555555555557
2023,서울,50,6,5669.51,서울,195.1,572.1700000000001,72.32916666666667,23.37625,195.6,5.856944444444444,30,15.748638888888888
2023,울산,148,6,11541.2,울산,204.7,602.1400000000001,73.91666666666667,22.27902777777777,141.4,6.336111111111111,30,10.830705705705707
2024,서울,50,6,6722.21,서울,285.6,714.52,60.42777777777778,24.5675,115.9,4.2444444444444445,30,18.672805555555556
2024,울산,178,6,15158.35,울산,209.0,599.66,70.68194444444444,22.57111111111111,124.60000000000002,6.113888888888889,30,11.82767634207241
2021,서울,44,7,5118.98,서울,195.2,578.31,70.98387096774194,28.079973118279568,168.3,5.884408602150538,31,15.637157869012707
2021,울산,113,7,8204.16,울산,235.8,0.0,85.06317204301075,25.94637096774193,189.3,6.587365591397849,31,9.758492720525263
2022,서울,48,7,4794.04,서울,140.1,508.79,77.22446236559139,27.32258064516129,251.2,6.865591397849462,31,13.424171146953404
2022,울산,125,7,8937.5,울산,183.9,0.0,83.0630376344086,25.951478494623657,125.0,6.595430107526882,31,9.61021505376344
2023,서울,50,7,4635.28,서울,146.10000000000002,478.8,81.13037634408602,26.68010752688172,459.9,6.670698924731183,31,12.46043010752688
2023,울산,148,7,10128.0,울산,166.90000000000003,533.64,80.39784946236558,25.76344086021505,266.9,6.645161290322581,31,9.19790758500436
2024,서울,50,7,4180.46,서울,96.3,402.43,81.1236559139785,26.557661290322574,557.3,7.60752688172043,31,11.237795698924732
2024,울산,178,7,13884.16,울산,193.6,564.5699999999999,77.40053763440861,26.912634408602152,209.2,6.225806451612903,31,10.483991784462969
2021,서울,44,8,4072.12,서울,127.3,428.88,74.41666666666667,25.850537634408607,206.80000000000004,7.0822102425876015,31,12.439271749755621
2021,울산,113,8,6654.68,울산,166.3,0.0,86.56451612903226,25.347311827956982,443.9,6.991869918699187,31,7.915453420877344
2022,서울,48,8,4029.27,서울,116.3,403.88,80.32123655913979,25.733870967741936,565.9,7.416666666666667,31,11.28267809139785
2022,울산,125,8,8464.37,울산,162.0,0.0,78.71908602150538,26.38427419354839,138.5,6.876344086021505,31,9.101473118279571
2023,서울,50,8,4702.84,서울,156.1,469.77,76.34408602150538,27.19704301075269,298.1,6.538978494623656,31,12.642043010752687
2023,울산,148,8,10403.66,울산,196.2,530.65,79.6008064516129,26.54005376344086,402.4,5.831989247311828,31,9.448252688172044
2024,서울,50,8,5454.31,서울,179.0,507.93,72.65994623655914,29.31787634408602,72.79999999999998,4.891129032258065,31,14.66212365591398
2024,울산,178,8,16803.28,울산,272.0,654.8,75.86962365591398,27.949193548387093,89.10000000000001,4.157258064516129,31,12.68823245137127
2021,서울,44,9,4614.26,서울,182.0,474.14,70.96111111111111,22.56194444444445,135.4,5.5569444444444445,30,14.565214646464646
2021,울산,113,9,5791.38,울산,136.9,0.0,83.275,22.095694444444447,125.2,7.104311543810849,30,7.118215339233039
2022,서울,48,9,5045.46,서울,203.90000000000003,496.22,68.25694444444444,22.34486111111111,201.3,5.284722222222222,30,14.599131944444444
2022,울산,125,9,7483.92,울산,134.7,0.0,78.89583333333333,21.65458333333333,284.79999999999995,6.880555555555556,30,8.315466666666667
2023,서울,50,9,4551.33,서울,157.10000000000002,425.79,73.6625,23.63583333333333,134.5,6.220833333333333,30,12.642583333333333
2023,울산,148,9,8384.5,울산,142.89999999999998,397.49,80.39166666666667,22.90958333333333,277.6,6.4375,30,7.868337087087086
2024,서울,50,9,4772.03,서울,166.89999999999998,439.21,71.78611111111111,25.473333333333336,143.9,5.398611111111111,30,13.255638888888887
2024,울산,178,9,12288.96,울산,167.7,453.19,79.90972222222223,24.63625,237.0,5.763888888888889,30,9.588764044943819
2021,서울,44,10,3995.58,서울,168.4,353.63,69.73521505376344,15.579301075268818,57.0,4.801075268817204,31,12.205461876832844
2021,울산,113,10,7202.58,울산,214.9,0.0,74.96236559139786,17.063709677419354,48.99999999999999,4.193548387096774,31,8.56715672280902
2022,서울,48,10,4713.0,서울,216.0,420.22,68.76612903225806,14.546370967741936,124.1,4.221774193548387,31,13.197244623655912
2022,울산,125,10,8396.5,울산,208.90000000000003,0.0,67.07661290322581,16.025537634408604,30.4,4.943548387096774,31,9.028494623655913
2023,서울,50,10,4952.23,서울,208.7,416.58,66.52016129032258,15.767741935483873,31.0,3.793010752688172,31,13.31244623655914
2023,울산,148,10,11077.42,울산,229.8,459.27,61.85618279569893,16.388575268817206,4.300000000000001,3.641129032258065,31,10.060138767800058
2024,서울,50,10,4343.28,서울,166.40000000000003,367.11,69.61424731182795,16.670026881720432,74.0,4.685483870967742,31,11.675483870967742
2024,울산,178,10,10033.48,울산,121.7,316.51,75.88172043010752,17.814650537634407,174.3,6.44489247311828,31,7.57632596351335
2021,서울,44,11,3253.8,서울,163.6,271.64,67.91666666666667,8.200972222222223,62.400000000000006,4.101388888888889,30,10.270833333333334
2021,울산,113,11,6580.49,울산,220.4,0.0,59.51805555555556,11.08125,49.7,2.9347222222222222,30,8.088114552605703
2022,서울,48,11,3758.25,서울,187.5,298.77,64.25,10.11138888888889,84.5,3.838888888888889,30,10.874565972222221
2022,울산,125,11,7206.13,울산,210.8,0.0,58.32222222222222,12.775972222222224,44.900000000000006,3.573611111111111,30,8.006811111111112
2023,서울,50,11,3708.8,서울,171.9,284.14,64.46666666666667,6.868333333333333,81.89999999999999,3.808333333333333,30,10.302222222222222
2023,울산,148,11,9514.81,울산,209.2,347.51,52.74027777777778,10.385277777777777,33.1,2.6597222222222223,30,8.929063438438439
2024,서울,50,11,3688.94,서울,183.5,295.63,62.234722222222224,9.743472222222222,60.0,4.034722222222222,30,10.247055555555555
2024,울산,178,11,9989.48,울산,152.6,289.57,65.425,11.754583333333334,67.5,4.288888888888889,30,7.794538077403246
2021,서울,44,12,3243.29,서울,185.4,257.25,61.32123655913978,0.6176075268817207,7.9,3.2620967741935485,31,9.907410801564028
2021,울산,113,12,6708.67,울산,230.4,0.0,48.99596774193548,4.747177419354839,3.5000000000000004,2.234185733512786,31,7.979672185745551
2022,서울,48,12,3265.41,서울,197.1,275.5,58.83602150537634,-2.7951612903225813,13.6,3.557795698924731,31,9.14373319892473
2022,울산,125,12,7169.53,울산,224.0,0.0,43.75672043010753,1.998521505376344,9.7,3.181451612903226,31,7.709172043010752
2023,서울,50,12,2786.44,서울,142.2,217.33,69.09353507565336,0.883356258596974,85.30000000000001,4.346629986244841,31,7.490430107526882
2023,울산,148,12,7880.9,울산,191.4,277.39,55.28225806451613,4.856854838709677,126.7,3.5981182795698925,31,7.157167247893054
2024,서울,50,12,3799.51,서울,206.3,288.48,56.13709677419355,0.885215053763441,5.699999999999999,2.85752688172043,31,10.213736559139786
2024,울산,178,12,12182.87,울산,236.0,329.81,44.53360215053763,4.076344086021505,0.0,2.639784946236559,31,9.19934003866135
